'pedestrian0',88,true,false,false,false,0.04397348172308302,0.3910834639622204,0.5082197953886447,10.71045497694139,2.0,0.6302607210196194
'pedestrian1',33,false,false,false,true,0.3225075136280309,0.9236177063161088,0.6178223635111105,19.503907221117643,2.0,0.7764887900417057
'pedestrian2',46,false,false,false,true,0.21851449632258446,0.9451973080894905,0.09316695673588393,12.580551139512986,2.0,0.6409575146223965
'pedestrian3',64,false,false,false,true,0.5611616096571654,0.1864624837727138,0.7730872863700713,8.079639264196643,2.0,0.7251170100358133
'pedestrian4',109,true,false,false,false,0.5459876358786259,0.12388383381085499,0.591671491961083,14.41726884926191,2.0,0.5997454948261833
'pedestrian5',63,false,false,false,true,0.2992006089778091,0.11701013424888229,0.4350158340868576,11.807331433439717,2.0,0.2665897372893039
'pedestrian6',83,true,false,false,false,0.35655888415607917,0.03712190292606188,0.2793450561184697,18.248701339464827,2.0,0.27183026879514655
'pedestrian7',83,true,false,false,false,0.20242247602136865,0.02312283399505521,0.7621511751417593,11.681438400484097,2.0,0.6294616762821306
'pedestrian8',59,true,false,false,true,0.8560578508113952,0.01597725323094612,0.16012800709420938,12.100904382597575,2.0,0.4131435613310918
'pedestrian9',86,false,false,false,false,0.5466732348908756,0.47273130415701425,0.5239685110447814,7.358529281275079,2.0,0.5984633719287583
'pedestrian10',98,false,false,false,true,0.4407563025610244,0.9166821830226372,0.4720403128733207,0.01343586294737298,2.0,0.2429072301993527
'pedestrian11',75,false,false,false,true,0.3425657809205581,0.9018309178482413,0.3678827392026336,1.0760645602969565,2.0,0.2830511398212402
'pedestrian12',74,true,false,false,true,0.7305615064268809,0.17041635622065943,0.8274015381545224,14.419670577219941,2.0,0.39212114833736234
'pedestrian13',102,true,false,false,true,0.8576396988060674,0.8765546787212922,0.43720831525505344,4.196286316297999,2.0,0.5976730007466813
'pedestrian14',89,false,false,false,false,0.8515558722380895,0.7846552520957601,0.9216239071504566,13.914356217835289,2.0,0.4476885169528029
'pedestrian15',42,false,false,false,true,0.2014621714543332,0.8513731822110765,0.8797121014671848,2.406329865379435,2.0,0.25301083312618
'pedestrian16',40,false,false,false,true,0.42824612824903296,0.4229141049848364,0.05057416345586252,7.352397073835945,2.0,0.7345375142352777
'pedestrian17',40,false,false,false,false,0.5631662694328314,0.6888283057188254,0.4410631419052211,14.42893439806609,2.0,0.6507065755807284
'pedestrian18',27,false,false,false,false,0.9129380475933189,0.04791503742850167,0.5820140692560944,18.11644267164914,2.0,0.3510304361288461
'pedestrian19',48,true,false,false,false,0.5016539380187969,0.4252363187934425,0.9689484985997465,2.4614951193717816,2.0,0.4258863419512236
'pedestrian20',60,false,false,false,false,0.8745435565729631,0.839810457559011,0.7414395376726927,17.038529918836527,2.0,0.21192419480205588
'pedestrian21',98,false,false,false,true,0.5435069645383424,0.6619411361531086,0.789624419941705,8.995392381084459,2.0,0.6296394344348468
'pedestrian22',37,false,false,false,true,0.27984649988553423,0.0894486459089231,0.03471582668194795,4.658828119274259,2.0,0.35126586389344655
'pedestrian23',67,false,false,false,false,0.6701258831074998,0.6906760504721206,0.01218912896671631,0.41893137374681144,2.0,0.45062129973154985
'pedestrian24',48,true,false,false,false,0.4002221573258936,0.1279315284751501,0.8623163597643779,8.942562750869008,2.0,0.3416380975383332
'pedestrian25',78,true,false,false,false,0.9447605206727496,0.5714735655132782,0.42833955077492925,7.01550375880945,2.0,0.3779919276623126
'pedestrian26',29,true,false,false,true,0.38595004965407576,0.0573177265597723,0.933547533878829,0.17451584203322268,2.0,0.49427505660483406
'pedestrian27',48,true,false,false,true,0.6658432401020246,0.197643636203934,0.2503199755062758,0.5850726665641925,2.0,0.6132772150118593
'pedestrian28',77,false,false,false,true,0.16342459770475304,0.2278913177259171,0.09489610578262586,15.714642810797626,2.0,0.20067782891815036
'pedestrian29',70,false,false,false,true,0.22261113958544942,0.1068430143795015,0.12671286672847315,7.579049299382705,2.0,0.23248406870258248
'pedestrian30',10,false,false,false,true,0.16637657588751187,0.3733055897786104,0.9432292512808649,11.713705266096861,2.0,0.7615234249995642
'pedestrian31',108,true,false,false,true,0.35500992638594164,0.23461354706025206,0.69797998234324,18.813261471512302,2.0,0.6377933720971768
'pedestrian32',25,true,false,false,false,0.00288773792491426,0.9719146945210412,0.24643437692292014,9.518490755407118,2.0,0.4555465126534228
'pedestrian33',99,false,false,false,false,0.5639412406686759,0.9933942136353744,0.3516005680567914,16.20575573839688,2.0,0.571381318711567
'pedestrian34',51,true,false,false,true,0.883003565827956,0.6947605988924802,0.5851386365328378,16.69039426146735,2.0,0.3449010150954584
'pedestrian35',29,false,false,false,false,0.9042328395099563,0.8226552514068636,0.29599854067226417,4.314883535477159,2.0,0.5670809782366616
'pedestrian36',11,false,false,false,true,0.44205558773682363,0.46069690558832666,0.9341486823346646,9.19166779365944,2.0,0.21653417621930204
'pedestrian37',41,false,false,false,false,0.18393832250828968,0.867458785736947,0.9017224980687963,6.798333023922812,2.0,0.42359318550819935
'pedestrian38',100,true,false,false,false,0.247045220756551,0.9547779266154819,0.29482113595091153,14.740502883724208,2.0,0.5427560683710946
'pedestrian39',101,false,false,false,false,0.6670243585310234,0.02243796218340055,0.3673796895969369,19.362247280956865,2.0,0.6245406797720849
'pedestrian40',75,true,false,false,false,0.5800110839321891,0.7177165523360924,0.22298232912062965,6.716459475402161,2.0,0.22742508965813454
'pedestrian41',79,false,false,false,false,0.13977060028258015,0.4938161329501092,0.2060807502086861,19.272242832006988,2.0,0.32299076313057085
'pedestrian42',17,true,false,false,false,0.6898077770075931,0.9830643531872773,0.1758091815875189,8.193609381641764,2.0,0.4626286022295469
'pedestrian43',66,false,false,false,true,0.3186425450115504,0.9297631076724536,0.4118272137454706,12.279507777081243,2.0,0.5896389399137116
'pedestrian44',45,false,false,false,false,0.6192651736010701,0.8875554609069071,0.05483953832924038,1.6741836230566576,2.0,0.6137041679742226
'pedestrian45',81,false,false,false,false,0.23321384762268993,0.3266772609315518,0.9383163783665888,6.131692649697005,2.0,0.7549247083471631
'pedestrian46',82,true,false,false,true,0.4227896815270922,0.6907444065750813,0.7138796427483977,16.02206633428357,2.0,0.32599979180652183
'pedestrian47',52,false,false,false,true,0.930205589520151,0.7445236668344801,0.7072051571554167,5.296445567521877,2.0,0.5497402487138643
'pedestrian48',61,false,false,false,true,0.8712331774058081,0.18118619166522754,0.3992833225253527,9.27613390269171,2.0,0.33647547963577523
'pedestrian49',56,true,false,false,false,0.16039793799462576,0.6477596379376964,0.777517767691656,2.197432041379901,2.0,0.745623112650075
'pedestrian50',42,true,false,false,false,0.1456160315725904,0.6916836556656784,0.8526311940480247,19.25601557665102,2.0,0.7886950461274975
'pedestrian51',50,false,false,false,false,0.711342571608664,0.6865829796970558,0.14860429813058562,11.13042740626268,2.0,0.4647180213886235
'pedestrian52',36,true,false,false,true,0.8828398832419918,0.26134622598740054,0.8090845078837614,7.354785397722927,2.0,0.6897783872397569
'pedestrian53',65,false,false,false,true,0.2743700341082992,0.11324175963030647,0.01014835347365317,14.511943881215693,2.0,0.4711248929039926
'pedestrian54',60,false,false,false,false,0.06877919952260236,0.10018852538831235,0.19258751580779365,1.98541571933039,2.0,0.5254394581073467
'pedestrian55',55,false,false,false,true,0.6220343610536428,0.09437260733072683,0.5109391998764568,16.752309988883823,2.0,0.34185398053543115
'pedestrian56',11,false,false,false,true,0.5345623893668653,0.9487689667379388,0.1640200581265716,2.543863659512837,2.0,0.3452240018631535
'pedestrian57',43,true,false,false,false,0.20587330646744184,0.5774923806555727,0.5460698980002971,2.322454824386846,2.0,0.42815281683494766
'pedestrian58',89,true,false,false,false,0.58139254052839,0.09990099432426869,0.32229983561056985,17.424430951926247,2.0,0.29373882747390045
'pedestrian59',75,false,false,false,true,0.9455046758501034,0.8146042803795248,0.26461508721216964,18.697463275484015,2.0,0.47089126892534566
'pedestrian60',34,true,false,false,false,0.5848437547615599,0.44129407924404174,0.38394642491401887,10.722688945901513,2.0,0.7116549251559259
'pedestrian61',101,true,false,false,false,0.7651161864811602,0.5078202913695784,0.8953815081026537,7.694260272121332,2.0,0.5528507164980048
'pedestrian62',56,true,false,false,true,0.6839947798629963,0.7364008946039781,0.9688931780354432,0.6991300084893548,2.0,0.4622521554597998
'pedestrian63',83,true,false,false,false,0.8170706238839807,0.4199826361718608,0.7478623415156289,19.029315617389027,2.0,0.7476849582160563
'pedestrian64',15,false,false,false,true,0.31081865076897297,0.9505716649448438,0.5278619653047447,17.593386397433463,2.0,0.6885314477659619
'pedestrian65',12,true,false,false,false,0.1262472463618941,0.7206529423977864,0.4422460485378702,2.32420111821243,2.0,0.27118810610159483
'pedestrian66',52,false,false,false,true,0.5071162709702607,0.06530304928982544,0.14627633727961264,12.146723192135386,2.0,0.6020860828721327
'pedestrian67',65,true,false,false,false,0.7653146922968326,0.48560294028006556,0.5813493810992892,14.359036271071368,2.0,0.5000984262238217
'pedestrian68',14,true,false,false,true,0.34130787949859687,0.515835785059827,0.6276272087193564,3.863785042681569,2.0,0.2404645769669827
'pedestrian69',107,true,false,false,false,0.5369336850383017,0.7769373136145356,0.42862712116179713,5.385221690914921,2.0,0.4312420372223096
'pedestrian70',11,false,false,false,false,0.5671832694203505,0.1601853836735624,0.9756297442310594,1.9217069532094744,2.0,0.7311976995162282
'pedestrian71',102,false,false,false,false,0.5714255295819953,0.28786101834959854,0.21706951100469074,19.61293164712569,2.0,0.6608751224586268
'pedestrian72',57,false,false,false,true,0.539715965320398,0.9216359869741091,0.5892598745096329,1.2435045863330152,2.0,0.6119811417803286
'pedestrian73',96,true,false,false,false,0.00993108838457302,0.4134121187511389,0.4368430227195903,8.35923635227463,2.0,0.34986479378368174
'pedestrian74',107,true,false,false,true,0.8875138659491689,0.5879830491633712,0.7109836790038853,12.61064854842026,2.0,0.5595177658730635
'pedestrian75',35,false,false,false,false,0.0902109849778373,0.35217545011371143,0.6469538108352292,18.95991908318967,2.0,0.5759984043505831
'pedestrian76',27,false,false,false,true,0.6134538551450714,0.20975154936253537,0.8241717760435914,5.670402015619351,2.0,0.355124971859899
'pedestrian77',87,true,false,false,true,0.40006870645807646,0.1493681632448205,0.21256113644706232,12.769571932058447,2.0,0.20537206447271938
'pedestrian78',25,false,false,false,true,0.2162579706470512,0.5820308578729645,0.555067854573943,1.4987494186807093,2.0,0.29710435700161464
'pedestrian79',107,false,false,false,true,0.393527024005244,0.30839499166234774,0.5532687606251684,8.369350045078477,2.0,0.5507421484873599
'pedestrian80',58,true,false,false,true,0.12681747279353317,0.37327700804253794,0.8874289433711308,2.9808969900222504,2.0,0.20849196657076643
'pedestrian81',13,true,false,false,false,0.2144758798739813,0.689988250525403,0.8026217074304296,3.998567193450573,2.0,0.41279124382850796
'pedestrian82',92,false,false,false,true,0.23322859637319482,0.06231401614284127,0.8179086427827064,14.603721084484889,2.0,0.40268657818381287
'pedestrian83',69,true,false,false,true,0.47015553243669517,0.4850429714748046,0.14214129895703698,3.0829421744515306,2.0,0.617421292755544
'pedestrian84',93,false,false,false,false,0.2632738236090494,0.8407335273639308,0.16578975519456263,2.391316595586761,2.0,0.29628742814207987
'pedestrian85',43,false,false,false,false,0.43057139751910045,0.0281064533318871,0.6443030293333828,10.83570891154519,2.0,0.2137736674359241
'pedestrian86',76,true,false,false,false,0.0892036680687166,0.2516900937063995,0.2644121646519735,10.635898131281172,2.0,0.5920784414912
'pedestrian87',74,true,false,false,false,0.5191911061320307,0.19814915325663107,0.02975423517980813,0.14767046640094428,2.0,0.6251153398945339
'pedestrian88',94,true,false,false,false,0.8680462506802482,0.9761319740704391,0.39505124490549093,14.279368176240638,2.0,0.35142114744315595
'pedestrian89',80,true,false,false,false,0.8032409471238536,0.48714925632474093,0.4075393295269365,18.52769156238401,2.0,0.527526649390047
'pedestrian90',33,false,false,false,true,0.5647688039010493,0.09588117665082396,0.8138044502332592,7.505640092466113,2.0,0.32793771095247093
'pedestrian91',27,false,false,false,false,0.9500269961154103,0.834690286180063,0.11572848354962562,13.103384056937594,2.0,0.31008206703726404
'pedestrian92',60,true,false,false,true,0.5929170614871192,0.15839325961854833,0.7438749533798896,9.342341039682623,2.0,0.5136119303892225
'pedestrian93',34,true,false,false,false,0.5349226918919175,0.4266380884511237,0.3681918023492844,3.169542512163661,2.0,0.7777419721651662
'pedestrian94',62,false,false,false,true,0.6433511058774396,0.728406147972061,0.14712354485715717,13.364453471955189,2.0,0.45030260376693376
'pedestrian95',34,false,false,false,false,0.26224793323843065,0.6319982739698834,0.9430893407478818,8.8489974185052,2.0,0.33317987970021773
'pedestrian96',51,true,false,false,false,0.01960289508901014,0.13725020802719445,0.14858298335176767,5.92492501701588,2.0,0.4215383228739542
'pedestrian97',51,false,false,false,false,0.7915144877136797,0.7722724234896098,0.09054317040163784,7.346361511387736,2.0,0.53797911755574
'pedestrian98',10,true,false,false,false,0.8749079468236147,0.479401380515598,0.2729930242928159,4.211228179757141,2.0,0.7121846644985284
'pedestrian99',49,true,false,false,false,0.6913706564012287,0.5692947732619064,0.9006900646565625,13.733527331436656,2.0,0.46748438828155303
'pedestrian100',74,true,false,false,true,0.6212893898964247,0.33507558094280643,0.27720810488787606,18.07386228410572,2.0,0.7032905014270829
'pedestrian101',104,false,false,false,false,0.985282081606104,0.5978390706310749,0.4265756842935231,10.097668207547539,2.0,0.6100310977682933
'pedestrian102',92,true,false,false,false,0.4253284617535611,0.34388023670922807,0.3249977325317399,15.967113830800708,2.0,0.7238718930267412
'pedestrian103',88,true,false,false,false,0.7398132637034089,0.8193673670971564,0.7264808127811779,10.00630802516145,2.0,0.3241038489155639
'pedestrian104',48,true,false,false,false,0.27787539981356846,0.6259881378322844,0.8447049629011746,15.192775316561459,2.0,0.23009582217780383
'pedestrian105',36,false,false,false,false,0.20990224121631873,0.4120620225416268,0.2213315102790292,17.39859850338185,2.0,0.5941289964479877
'pedestrian106',48,true,false,false,true,0.06573274405992047,0.6482027333053203,0.596743245102522,13.249670192905466,2.0,0.26832103306614424
'pedestrian107',110,false,false,false,false,0.1761639786741428,0.07613158819946275,0.12633211380204035,2.3308859572463647,2.0,0.6762775094587159
'pedestrian108',18,true,false,false,false,0.28593805040806153,0.7771160577107846,0.1470690027472642,1.3498185675105012,2.0,0.6775336951299763
'pedestrian109',38,false,false,false,true,0.9594126211081755,0.4103285963701938,0.2707193022620984,18.473964622639276,2.0,0.3154719519544976
'pedestrian110',100,false,false,false,false,0.7711675905008958,0.9558706090582989,0.6523645367080239,9.765336477195524,2.0,0.2051576873075267
'pedestrian111',20,true,false,false,false,0.11045203276723659,0.5689497097295118,0.5445467564322168,3.4960215514831527,2.0,0.39160691112238294
'pedestrian112',49,true,false,false,true,0.5230532653507688,0.9263867673950001,0.00210828242558125,13.438248493479783,2.0,0.7042472966055728
'pedestrian113',79,true,false,false,false,0.9648301013068666,0.36903136077246645,0.08971284011823566,11.966689892716518,2.0,0.6551604285430102
'pedestrian114',32,true,false,false,true,0.2764246780844879,0.1632028311333411,0.5867797176569272,16.72031980685218,2.0,0.5412435030348651
'pedestrian115',28,false,false,false,true,0.7519399683915221,0.49638973717626456,0.6474829374075621,6.531577514375164,2.0,0.25976528425309975
'pedestrian116',15,true,false,false,true,0.02948022040665177,0.6152619969519343,0.281633642057981,16.451709712754912,2.0,0.3348501320784675
'pedestrian117',72,true,false,false,true,0.31012882073277814,0.3585427891772147,0.7858114292496263,14.459812525408626,2.0,0.7625090077389973
'pedestrian118',12,true,false,false,true,0.7820749143119157,0.35247053111980053,0.9201319109186304,17.730047826054687,2.0,0.5604565427434182
'pedestrian119',82,false,false,false,true,0.6955206596609353,0.8605996605189433,0.6652879114564958,3.373821828534964,2.0,0.42708367252469054
'pedestrian120',69,false,false,false,false,0.17895316626045987,0.5290619912579991,0.30102970433534226,16.817810905772856,2.0,0.23578118069295834
'pedestrian121',103,true,false,false,true,0.8498755775004184,0.5464369294662554,0.44708914695324387,5.8689337058584234,2.0,0.3212524413209487
'pedestrian122',40,true,false,false,true,0.9283692734318516,0.7676082801461536,0.28215394747317823,4.983911873417457,2.0,0.639110930676906
'pedestrian123',105,true,false,false,true,0.12784256137982364,0.9197735731008077,0.5943705572645287,14.41022438728245,2.0,0.22866833387152175
'pedestrian124',37,false,false,false,false,0.17530794547543826,0.7486760294500584,0.9483411429617549,6.54582430851182,2.0,0.34437429381440643
'pedestrian125',38,true,false,false,true,0.7883696364425706,0.6178349896576906,0.6982016079407585,0.238530857704764,2.0,0.7114505715691923
'pedestrian126',39,false,false,false,false,0.5361307431407608,0.6696359814167744,0.35014978148824394,4.953094094659411,2.0,0.5006882319547781
'pedestrian127',88,true,false,false,true,0.973866352300772,0.25049690267329194,0.7108696809029732,9.359953376005056,2.0,0.7001502257907695
'pedestrian128',91,true,false,false,false,0.1648399326086094,0.23691946817725196,0.517689151938403,16.26336603915559,2.0,0.5147743437332526
'pedestrian129',82,true,false,false,true,0.561637407020362,0.2489056623081034,0.4358070263674231,16.82572882681101,2.0,0.5617047957190415
'pedestrian130',19,false,false,false,true,0.957510731817437,0.1662602699918032,0.9141246765217482,11.574631675990135,2.0,0.24049999845174755
'pedestrian131',28,true,false,false,true,0.805783179460817,0.9084701912970296,0.9839726493007508,10.583783325252039,2.0,0.5339580186942513
'pedestrian132',101,false,false,false,false,0.32384708744023893,0.14283924024759853,0.00182738469869248,2.4192496389164564,2.0,0.214648269630712
'pedestrian133',47,false,false,false,true,0.28510283018704463,0.9426776936081196,0.12814947626833284,5.264387464142811,2.0,0.49305379135546806
'pedestrian134',82,false,false,false,false,0.0761291176880895,0.6439843000832994,0.9393270249753394,14.094429140923964,2.0,0.6899301717746821
'pedestrian135',41,true,false,false,false,0.26525192073496473,0.19025360619404852,0.03032382712848414,10.963322268155578,2.0,0.5137807755564988
'pedestrian136',36,false,false,false,false,0.33781201142683825,0.23663357433742316,0.01197646466826163,2.4312036065474163,2.0,0.5243293171381691
'pedestrian137',44,true,false,false,true,0.32439257481524575,0.6779449190811148,0.4369394672028363,6.7918365128732,2.0,0.6609655484504274
'pedestrian138',36,true,false,false,false,0.8639172201269553,0.2157865323851833,0.592131733651493,4.812329986594632,2.0,0.37321046981414807
'pedestrian139',71,false,false,false,false,0.6326201287559725,0.08002824807477149,0.4633231132075454,17.97307466591343,2.0,0.7743076904296122
'pedestrian140',10,true,false,false,false,0.44932135964319764,0.5962347913116632,0.6344324944470741,9.66348639456356,2.0,0.31923741188857857
'pedestrian141',69,false,false,false,false,0.9007361890044588,0.9436566229024065,0.7360773321516684,15.809586118694135,2.0,0.46758315187681526
'pedestrian142',32,true,false,false,true,0.8974201377864199,0.11039591806675952,0.9480029541787058,14.800127421529261,2.0,0.5364409598383642
'pedestrian143',32,true,false,false,false,0.7606616900820481,0.8425138265423597,0.8833256171766117,7.55863816753592,2.0,0.4385165688275587
'pedestrian144',20,false,false,false,false,0.39449604157745577,0.5795136760054646,0.31087667677393016,16.926447842126613,2.0,0.28835206982983785
'pedestrian145',110,false,false,false,false,0.9023923653676735,0.8467099957321385,0.08558501235549176,18.190840998502125,2.0,0.49185184652203073
'pedestrian146',83,false,false,false,true,0.47758322621771265,0.1059054654443552,0.20270481295037823,5.661879924758539,2.0,0.3001955649869016
'pedestrian147',34,false,false,false,true,0.0342518984038962,0.6204005490996252,0.7056539540262597,18.789490624160344,2.0,0.7930927994918717
'pedestrian148',109,false,false,false,true,0.2771845682345432,0.00157677861797956,0.9156823030340445,13.480337155234627,2.0,0.4705824413788538
'pedestrian149',17,true,false,false,true,0.7894482961600465,0.13811442816402886,0.4337413933483617,14.429559873282876,2.0,0.6074576576428029
'pedestrian150',105,true,false,false,false,0.550392461123196,0.9607225122843635,0.08880318723774605,10.86513074844458,2.0,0.7864698190272796
'pedestrian151',107,true,false,false,false,0.6942463521013937,0.23048757419734,0.8249425653695123,7.9152633148482,2.0,0.7910054204984089
'pedestrian152',51,true,false,false,false,0.40777136423259397,0.04225335666920349,0.773871449455038,1.7339838705000554,2.0,0.39926336146123853
'pedestrian153',70,true,false,false,false,0.5298094928708637,0.08749062512283079,0.5203985698075888,14.043194462984431,2.0,0.6456102324273404
'pedestrian154',81,false,false,false,true,0.2804439095494853,0.12947638038764386,0.4405655965777606,0.4549558744393223,2.0,0.4511212971716186
'pedestrian155',78,true,false,false,true,0.42047181071903184,0.30571579555205375,0.35816752561392906,15.873960004513556,2.0,0.2947116014405189
'pedestrian156',64,true,false,false,true,0.2248609622054082,0.7566466108243888,0.11380275852210331,9.378029321988471,2.0,0.43253068786349375
'pedestrian157',90,false,false,false,false,0.4306077526446983,0.43830016179802367,0.2691100606165896,5.553227474594595,2.0,0.6219432699194044
'pedestrian158',106,true,false,false,false,0.31477758901337893,0.21404856466945643,0.844276726284368,8.692017648028049,2.0,0.45396485330462666
'pedestrian159',84,false,false,false,true,0.04358799985577655,0.21062454000760789,0.9645876964619855,12.203762592151005,2.0,0.39770720787810243
'pedestrian160',27,true,false,false,false,0.28402100198573266,0.6984818933704393,0.11450370199303528,18.126735355931554,2.0,0.23199998806811395
'pedestrian161',10,false,false,false,true,0.2755661051299386,0.11201639216251391,0.18700576262400637,13.25555033936247,2.0,0.6865609389602287
'pedestrian162',11,false,false,false,true,0.05155287997509228,0.6212775561498344,0.49251481811408837,9.935397219099645,2.0,0.21259351142424274
'pedestrian163',91,true,false,false,true,0.349037863456636,0.6892888951941343,0.6748554970302448,17.31165801617932,2.0,0.5817206155341994
'pedestrian164',28,true,false,false,false,0.5419390253231597,0.8574881990156744,0.13262240677974158,5.3903575494213545,2.0,0.4440538977433613
'pedestrian165',48,true,false,false,false,0.504203011961885,0.8383772481727552,0.7051844474330622,10.192972341120184,2.0,0.5597336906500175
'pedestrian166',105,true,false,false,true,0.4496515721917601,0.5543034590555668,0.13361719873915512,6.317701777678478,2.0,0.5787903229098397
'pedestrian167',76,true,false,false,false,0.23104165817853195,0.8504450655846099,0.7743512093307968,11.749341124274986,2.0,0.46078755457458614
'pedestrian168',14,true,false,false,false,0.21305589592120344,0.3373550583621242,0.8593199189722799,6.644329114973173,2.0,0.5201547318923748
'pedestrian169',108,false,false,false,true,0.2577226434797948,0.7622025635105435,0.8882763860057277,13.826599932919297,2.0,0.35841657590172543
'pedestrian170',108,false,false,false,true,0.05285250973781452,0.06565814276128135,0.87009226055497,2.2316199742729736,2.0,0.4469069246130682
'pedestrian171',98,true,false,false,true,0.405616949437671,0.759476749072858,0.690156276125292,12.169263860662012,2.0,0.658412033538621
'pedestrian172',39,true,false,false,false,0.5598386589007668,0.6807791339018672,0.15705197804005033,11.41358555434125,2.0,0.7643588955044864
'pedestrian173',45,true,false,false,true,0.9245790931962038,0.5249367139039057,0.6413586483113914,17.291811259364426,2.0,0.34405860676582567
'pedestrian174',101,true,false,false,false,0.6038526674815853,0.44538715077180857,0.8723524893622104,8.194773142772839,2.0,0.6020420132151911
'pedestrian175',93,true,false,false,false,0.7130790666325909,0.5183831570015245,0.1403032948096642,2.095686889032715,2.0,0.5780360318070421
'pedestrian176',105,true,false,false,true,0.44789524636859657,0.41025422309746795,0.17791120933940296,8.687949316374116,2.0,0.24417877215159092
'pedestrian177',59,true,false,false,true,0.6553207303617472,0.16046146577736764,0.6619844105262658,14.185672623315984,2.0,0.7328806766079894
'pedestrian178',99,true,false,false,false,0.1925045827789621,0.9015200020734573,0.6562085162387317,5.648902735625915,2.0,0.7663127281355002
'pedestrian179',21,true,false,false,false,0.5142569592225075,0.01108686336030595,0.9695475380739106,9.667276103611098,2.0,0.7549269405559165
'pedestrian180',105,false,false,false,true,0.137698838056042,0.2785187294077148,0.11835681671039655,4.501416507658065,2.0,0.3731676541285184
'pedestrian181',52,false,false,false,false,0.6823444354918241,0.9146827175645167,0.7295810299009728,5.6054482822273455,2.0,0.38942772194444397
'pedestrian182',32,false,false,false,true,0.287378526616747,0.2679467915475837,0.7678502462662045,10.373139283861317,2.0,0.7332172125196508
'pedestrian183',82,false,false,false,false,0.03527628113752235,0.6751712076436688,0.37454931400528624,18.562171130285343,2.0,0.5060507860413782
'pedestrian184',17,true,false,false,true,0.4995312927417691,0.2328671074750348,0.67963438072587,17.109874455860737,2.0,0.6707250332744462
'pedestrian185',14,true,false,false,true,0.9796902901613993,0.7341833171152734,0.9701903971462348,1.9135969164136557,2.0,0.21672790756889304
'pedestrian186',66,true,false,false,false,0.8404318935642814,0.9241001664548971,0.814867115560959,15.187755239942934,2.0,0.21617268309566434
'pedestrian187',11,true,false,false,true,0.30580876476467,0.478387653090835,0.2723689843194417,17.778244141801444,2.0,0.7219696146117194
'pedestrian188',57,true,false,false,false,0.3477171090556812,0.36427930598451497,0.8233525676500815,4.876262817795025,2.0,0.3330194280534827
'pedestrian189',80,true,false,false,false,0.24294481665034828,0.08891901502072952,0.7489208047993333,14.907956671229709,2.0,0.5083313698208495
'pedestrian190',60,true,false,false,false,0.38074933758313767,0.4668167597419032,0.6064147372853654,2.9245944366546084,2.0,0.6257373404202222
'pedestrian191',36,false,false,false,false,0.7740342601348414,0.5571135171444949,0.8360924390784644,15.181835613577023,2.0,0.7788171453204129
'pedestrian192',98,false,false,false,false,0.9542962756949034,0.10413578144030977,0.5337416285006604,2.2399244849092192,2.0,0.7629112722997318
'pedestrian193',108,false,false,false,false,0.8830717423457313,0.7787558731919048,0.4673703458867151,5.724286904207769,2.0,0.5655798185869217
'pedestrian194',58,false,false,false,false,0.8513297991173031,0.2718063665987326,0.20322128357746871,3.7868325980358453,2.0,0.31121659293763104
'pedestrian195',33,false,false,false,false,0.7985950892136057,0.5296400522589411,0.7915811049879037,5.009725388239479,2.0,0.6445092517388172
'pedestrian196',104,false,false,false,true,0.757005909008414,0.15602551418860888,0.150337973098442,2.066175419874259,2.0,0.30449241143336375
'pedestrian197',73,true,false,false,true,0.6145709995353935,0.8260149050942791,0.16677946639739805,1.5463613089744355,2.0,0.7291740104342801
'pedestrian198',91,true,false,false,false,0.5357338647573376,0.27242445951018235,0.8784185030460102,3.6499779379818964,2.0,0.23005220439167362
'pedestrian199',82,true,false,false,true,0.3134612407279782,0.3334664249731474,0.15332824060963302,9.348746925850332,2.0,0.783839973432811
'pedestrian0',40,false,false,false,false,0.41944764663974354,0.3777063139424931,0.27199873963347154,8.1732724883134,2.0,0.4691926969295478
'pedestrian1',75,true,false,false,false,0.8617240973481048,0.27226770710881865,0.44995832116192247,11.968480740508856,2.0,0.6306525007149997
'pedestrian2',60,false,false,false,true,0.8176033728830252,0.9555957271548511,0.07430905169868185,0.9480243132100563,2.0,0.6487436452461119
'pedestrian3',33,true,false,false,true,0.6865407643632842,0.8473354813628964,0.02240819570052743,19.377420061171705,2.0,0.6129576131798677
'pedestrian4',48,true,false,false,false,0.09549116064344632,0.6566730543936973,0.15496935737547535,2.6949090512183904,2.0,0.7322399632425955
'pedestrian5',26,true,false,false,true,0.24641672547032023,0.7552872198574727,0.05122524259358197,15.903585484813176,2.0,0.5620995412319292
'pedestrian6',40,false,false,false,true,0.3546825089953273,0.29349341959937614,0.946943745175822,1.2896711440789677,2.0,0.7251789529385311
'pedestrian7',70,false,false,false,true,0.7914799154181565,0.08342768421798663,0.4103793182266844,1.3074388219831734,2.0,0.22793694740129844
'pedestrian8',25,false,false,false,false,0.4062599955994455,0.9810742156309278,0.5656556209836324,10.39539610222731,2.0,0.5166728262219629
'pedestrian9',49,false,false,false,true,0.40552736968000935,0.7884755926499174,0.875821204403218,1.450307617499309,2.0,0.4597316535988156
'pedestrian10',34,false,false,false,false,0.06927136232030717,0.8569539805295786,0.904698485056596,16.357755122191474,2.0,0.613286171238627
'pedestrian11',47,true,false,false,false,0.9839238545943466,0.804947034489069,0.45204953443129503,9.18908959173022,2.0,0.3681752256039016
'pedestrian12',57,false,false,false,true,0.09649719039273752,0.7027137090888667,0.7075183013965516,15.84086474517278,2.0,0.23057544548959263
'pedestrian13',46,false,false,false,false,0.03746573083833205,0.47500364279837615,0.39791645807752074,7.890310936040357,2.0,0.7960418499747184
'pedestrian14',60,true,false,false,true,0.18515750173420487,0.693006573742804,0.6432459283604325,7.002401307811703,2.0,0.28730377885636527
'pedestrian15',65,false,false,false,false,0.03630721823548055,0.5540539484155345,0.900115948148224,9.788462156109619,2.0,0.3568467466177847
'pedestrian16',101,true,false,false,false,0.63228926879541,0.9573864483621408,0.2772477800899962,12.148897768315063,2.0,0.3266608635237608
'pedestrian17',62,true,false,false,true,0.6796190773362293,0.48237828383735837,0.2573773619771802,9.265956326943163,2.0,0.3923791850756144
'pedestrian18',38,true,false,false,false,0.48687568272782655,0.36013170913772463,0.38226602219512484,0.8041004633023907,2.0,0.596474859792767
'pedestrian19',53,false,false,true,true,0.20142455392665737,0.5206094427795663,0.05662640195768076,2.725724397918583,2.0,0.23108676763056513
'pedestrian20',86,false,false,false,false,0.12876839077302138,0.0404803443328664,0.6833374859043944,16.846059238035465,2.0,0.5828762014768304
'pedestrian21',61,false,true,true,false,0.2064171942938452,0.7940545650025863,0.643821574510672,10.83382353971986,2.0,0.6354331480658104
'pedestrian22',75,false,false,false,false,0.20649048578958895,0.7821075491839029,0.227957527220493,11.156142029460796,2.0,0.49392130359934816
'pedestrian23',43,false,false,false,false,0.01905291294772504,0.860463579689558,0.3020012252984735,9.907167951106484,2.0,0.5143961988240682
'pedestrian24',92,true,false,false,false,0.36434831990912664,0.16763520989307712,0.9647081760738205,14.892133215405437,2.0,0.4097713220038206
'pedestrian25',74,true,false,false,false,0.8715406154004648,0.6467373525251415,0.11271697231738997,14.0092640816239,2.0,0.49664242160194927
'pedestrian26',93,false,false,false,true,0.19683510182563146,0.36567686918097453,0.348603274562186,11.820395881909437,2.0,0.6837237967968117
'pedestrian27',28,false,false,false,true,0.5009710065213199,0.34178950272086095,0.28627559719244144,18.19036461641805,2.0,0.5114194987575691
'pedestrian28',92,true,false,false,true,0.4989885431908613,0.35747206418204036,0.34603987001925474,10.981677684281696,2.0,0.49898471987088966
'pedestrian29',24,true,false,false,true,0.7318213959588367,0.30424386094387756,0.13046292903922585,1.2813740197826973,2.0,0.5329896023207774
'pedestrian30',96,true,false,false,false,0.717864581960239,0.0815637219786498,0.45814803823697436,3.776931696674475,2.0,0.46952628372514876
'pedestrian31',100,false,false,false,false,0.5172782822697981,0.6893655727970694,0.2724279939390972,12.195007924046335,2.0,0.6084549890200599
'pedestrian32',21,true,false,false,true,0.11955353045328476,0.9682689777637165,0.966171362574817,10.913558160134736,2.0,0.3342115346157869
'pedestrian33',18,false,false,false,true,0.8779634207195475,0.46067318590780193,0.6695829487523931,3.526273953087866,2.0,0.3044139527411061
'pedestrian34',78,false,false,false,true,0.1697120349726644,0.8649262103940744,0.5437752402299535,1.9411081023531196,2.0,0.5647909438244576
'pedestrian35',63,false,false,false,true,0.03724432349134099,0.5458052324806772,0.7138305692465793,17.06630706246657,2.0,0.7963603854253736
'pedestrian36',91,false,false,false,false,0.8136489166128975,0.289840229863642,0.9056515197083792,2.662909467614407,2.0,0.5997056302871375
'pedestrian37',102,true,false,false,true,0.14387223553754802,0.3009884463114879,0.40321406973397134,16.119348108285873,2.0,0.726732880765141
'pedestrian38',88,false,false,false,true,0.9732604023272711,0.7389678634340655,0.7727557921779573,17.4219174556406,2.0,0.5751987405119341
'pedestrian39',67,true,false,false,false,0.1987488732781726,0.1270843497973967,0.8831923912122729,3.52839610641021,2.0,0.4915087776995362
'pedestrian40',65,true,false,false,false,0.10666225712912891,0.8118195054817221,0.37487538768892414,8.66964827580221,2.0,0.5380171097142472
'pedestrian41',61,false,false,false,true,0.3755369149778345,0.06170449317652971,0.10263802866318006,16.901497334090767,2.0,0.6155212389041202
'pedestrian42',71,false,false,false,false,0.6816689679389304,0.7000429719161763,0.00144939908026731,11.347355919969646,2.0,0.31686935616296336
'pedestrian43',39,true,false,false,false,0.4101497320338454,0.5290555366309048,0.7350517700876615,5.9818174109027495,2.0,0.5709119109467875
'pedestrian44',109,false,false,false,false,0.8340583845760074,0.7975836227303613,0.18865608082155594,6.323869258924648,2.0,0.6879078329850126
'pedestrian45',51,false,false,false,true,0.7071844590659282,0.10960518208807435,0.02640455763382965,12.606393884032446,2.0,0.7537030463457348
'pedestrian46',34,false,false,false,true,0.7747946681256547,0.9816261281741228,0.5283148602517093,7.1170937084683565,2.0,0.2729515125796663
'pedestrian47',87,true,false,true,true,0.33571554343653587,0.3611839293595166,0.4582490887683649,17.61546037006846,2.0,0.2642241767750805
'pedestrian48',52,false,false,false,false,0.41831007953697197,0.6681056694962838,0.9000410378216643,13.753642557447638,2.0,0.5344059308063718
'pedestrian49',25,false,false,false,false,0.9996926207186616,0.24595678267702403,0.43125009776673806,16.021770924327242,2.0,0.3683136536890245
'pedestrian50',28,false,false,false,false,0.8176674521262514,0.1446133354991731,0.7122791949627909,18.365853692497318,2.0,0.6806114215325978
'pedestrian51',34,false,false,false,true,0.9892307769181701,0.8603570653348965,0.3178785285143464,6.422344565320541,2.0,0.6685927084930976
'pedestrian52',82,true,false,false,true,0.8833689838222556,0.00867158775805055,0.2414400160400706,0.8122781611691865,2.0,0.577699838625819
'pedestrian53',15,false,false,false,true,0.32871471915888184,0.6774062638285667,0.2986464728515623,14.710711086613548,2.0,0.4734064542646906
'pedestrian54',88,true,false,false,true,0.7548372898647077,0.7530288056056279,0.8299503737866354,0.5774824385398536,2.0,0.5730469937642937
'pedestrian55',19,false,false,false,true,0.888557405834794,0.863602535184245,0.2609472532727992,6.795970424076474,2.0,0.5330160668747878
'pedestrian56',72,false,false,false,false,0.37099583886417453,0.9988631808495985,0.6220139388179353,17.687771750975145,2.0,0.6050557048949912
'pedestrian57',18,true,true,true,false,0.6352683097199958,0.10920377409081561,0.7935485330585274,4.22216847559695,2.0,0.780238020655381
'pedestrian58',67,false,false,false,true,0.7391884630105247,0.765973986604759,0.6184881285232395,9.001049839266877,2.0,0.4192542217873967
'pedestrian59',67,true,false,false,false,0.5372482467177478,0.3969921226210009,0.7153138900349422,14.834287084654914,2.0,0.24636930724153477
'pedestrian60',24,false,false,false,true,0.5425326596206799,0.29344737731456105,0.37113291152240824,4.166632489669961,2.0,0.6078270995277262
'pedestrian61',74,true,false,false,false,0.3925372475215404,0.3373139321488292,0.4364843764836137,1.3683598419543919,2.0,0.3266325229725806
'pedestrian62',62,true,false,false,true,0.3198172651779936,0.6252132150326134,0.06619726582481944,17.045122507526177,2.0,0.5969670231438575
'pedestrian63',50,false,false,false,true,0.6222307429034307,0.5501753517226371,0.7161469783803087,15.479911121460894,2.0,0.6325325427885866
'pedestrian64',76,true,false,false,false,0.03717805791274331,0.8685004303172014,0.8440232658100397,14.737892355318644,2.0,0.5667171170728753
'pedestrian65',69,true,false,false,true,0.7213820826512112,0.09072299176738563,0.12758679959793595,1.095482688604399,2.0,0.410613824258608
'pedestrian66',32,false,false,false,false,0.7228542399493779,0.16878469173531718,0.8401792654605227,13.066867164106984,2.0,0.517967152405963
'pedestrian67',48,false,false,false,true,0.32812070704862384,0.7985851497292343,0.6022362318471562,11.758851309727241,2.0,0.48900413815012944
'pedestrian68',54,true,false,false,false,0.7326312451217073,0.48067889754682913,0.7151966864062679,10.558809810612555,2.0,0.2871105800236257
'pedestrian69',40,true,false,false,false,0.23580467231664393,0.5360713613412197,0.16888928730184571,1.3525902291306147,2.0,0.4650353598631198
'pedestrian70',25,true,false,false,false,0.44973046093247215,0.281998677741489,0.05622297835733692,4.589513748930929,2.0,0.782773487169079
'pedestrian71',60,false,false,false,true,0.8435549815841094,0.2906497510994914,0.9578273897468713,5.98666777999771,2.0,0.685554419935722
'pedestrian72',104,true,false,false,false,0.5307133103794746,0.6471468101764051,0.6749942942180299,8.722640465700206,2.0,0.2384953090608328
'pedestrian73',17,false,false,false,true,0.6089559552606684,0.13732306467873723,0.164658920817772,6.343442186278512,2.0,0.5334942248019139
'pedestrian74',88,false,false,false,true,0.2639233016736532,0.6113812968662221,0.3475044805534947,4.076124652697935,2.0,0.28882705423060134
'pedestrian75',97,false,false,false,true,0.990228237757933,0.14472668959623025,0.7100584652293404,0.21624471018427682,2.0,0.31390758699191856
'pedestrian76',89,false,false,false,true,0.782516052940919,0.01847197073067242,0.8962724475066882,9.998181004333212,2.0,0.7359771972113835
'pedestrian77',55,true,false,true,true,0.6685621802040804,0.6489721977167136,0.4337924805433726,10.743068487142223,2.0,0.32512850419887185
'pedestrian78',56,true,false,false,true,0.8638246956785904,0.9544728919040592,0.879225690615561,11.00233115894595,2.0,0.5669902791514851
'pedestrian79',13,false,false,false,true,0.5937234626343796,0.2845593496998392,0.594240583833285,14.456594715796605,2.0,0.22492887079004897
'pedestrian80',16,true,false,false,true,0.4041301362543249,0.43897722203412104,0.3996928619858412,17.42589308518015,2.0,0.639673723104539
'pedestrian81',44,false,false,false,false,0.4354666693273459,0.2187460061108688,0.06157007541210113,1.427942449582591,2.0,0.34160727285033043
'pedestrian82',62,false,false,false,false,0.37139753347874205,0.4185243043532847,0.7571412886644148,16.08186013589893,2.0,0.7333313669511576
'pedestrian83',17,true,false,false,false,0.947312942966314,0.17827427953145658,0.3482794302898077,2.4930352902798547,2.0,0.30249660123821936
'pedestrian84',52,true,false,false,true,0.9938623151354472,0.33035889426466214,0.888755111885248,15.338198236865349,2.0,0.3481528147566536
'pedestrian85',85,true,false,false,true,0.9778308721702764,0.48976433200467795,0.7429117336901271,17.36331144063747,2.0,0.7839305168835724
'pedestrian86',26,false,false,false,true,0.21325607164099591,0.7048199526933826,0.5206230046286009,8.79665633941947,2.0,0.38091916952835614
'pedestrian87',84,true,false,false,false,0.05716546092818986,0.25309332777165716,0.4797534041752032,4.611448185130067,2.0,0.45224770183819896
'pedestrian88',106,true,false,false,false,0.7351379568059551,0.2557050354963796,0.9226946091761306,16.775902011920557,2.0,0.7921569234908248
'pedestrian89',101,true,false,false,true,0.5742270654157712,0.46347560345931915,0.524816117776108,18.0686295301508,2.0,0.4987777552854
'pedestrian90',93,true,false,false,true,0.7149869669501131,0.8324364182902422,0.4612376917444063,8.046662779989093,2.0,0.5071917306605918
'pedestrian91',40,false,false,false,true,0.5666221472246774,0.645474255883811,0.6903587300149945,3.2410932836322326,2.0,0.5177036963180428
'pedestrian92',92,true,false,false,false,0.979658285482327,0.7373796068608601,0.4297518001667091,14.697743612354337,2.0,0.7415582603631434
'pedestrian93',31,false,false,false,true,0.22177293218963734,0.7988559055489062,0.6051098588262501,10.54602722248436,2.0,0.33975008012793256
'pedestrian94',37,false,false,false,true,0.8936977067757388,0.6047677440067148,0.04172565529600414,5.890978941117043,2.0,0.6271320016696456
'pedestrian95',74,true,false,false,true,0.31754884736434474,0.3508252698181913,0.24720631278801475,17.74182198708865,2.0,0.3762252139052221
'pedestrian96',91,true,false,false,true,0.8610703937227854,0.06003663079982313,0.6761079887057306,5.600083111834868,2.0,0.46537641609537894
'pedestrian97',26,false,false,false,true,0.24154583443273614,0.27229498685180487,0.9833258826345574,12.92452618272619,2.0,0.6259393131760441
'pedestrian98',15,false,false,false,false,0.24722960511563297,0.6635712288418351,0.6752859120254224,19.172092790787772,2.0,0.4127584836739103
'pedestrian99',23,true,false,false,false,0.621736962227709,0.6188886043647949,0.6349920786885203,5.773110070033964,2.0,0.5153743471323544
'pedestrian100',33,true,false,false,true,0.7269526162055095,0.9906496683305989,0.1441249154505445,0.16214264479864626,2.0,0.7367458627702965
'pedestrian101',87,false,false,false,true,0.10415005087115536,0.41153270254657115,0.5163987671368823,16.545539838356852,2.0,0.3496616811792254
'pedestrian102',40,false,false,false,true,0.04390596470201225,0.4352931413754356,0.2439355172987283,17.692184681007564,2.0,0.33879389377536845
'pedestrian103',80,true,false,false,false,0.9034470778770624,0.6713767092857165,0.13179551027157166,14.023312071800035,2.0,0.7243982213718585
'pedestrian104',100,false,false,false,false,0.813539821978916,0.6435364072465619,0.6612479481427616,10.332607630148287,2.0,0.21478994927977363
'pedestrian105',108,false,false,false,false,0.6203997478625028,0.8760141581563766,0.834433064623667,3.8399960840450698,2.0,0.4641491096767439
'pedestrian106',78,true,false,false,true,0.43033596187187195,0.26316617304996814,0.06256629799438562,9.96780245578854,2.0,0.5225823354788708
'pedestrian107',88,true,false,false,false,0.35957172861593634,0.21504006606535642,0.4036190568159742,18.071246458684655,2.0,0.5893367746639486
'pedestrian108',42,true,false,false,false,0.3913022471812516,0.9812022335065145,0.5905024606892396,1.8567626742519305,2.0,0.5028384019674443
'pedestrian109',52,true,false,false,false,0.06809192833890265,0.40701436303980065,0.8012263787497351,9.237700750689633,2.0,0.7421586499081889
'pedestrian110',75,true,false,false,false,0.01691289012712749,0.7426040977133023,0.09883037726396948,0.683467244782161,2.0,0.6321440277948034
'pedestrian111',53,false,false,false,false,0.5664569442508421,0.21446114724944398,0.7800669344977296,13.544307730133925,2.0,0.5081871565601233
'pedestrian112',78,true,false,false,false,0.8479911583098213,0.35329105908113,0.7411087336429473,19.894131783033295,2.0,0.4417379647555438
'pedestrian113',32,false,false,false,true,0.8433491624117598,0.7225661894279432,0.9631112959114962,12.469485508182089,2.0,0.6804024911527222
'pedestrian114',28,true,false,false,true,0.4864737313864318,0.63008422249415,0.11485745549667026,15.17747253184659,2.0,0.4265230349869607
'pedestrian115',14,true,false,false,false,0.9490290340171844,0.631759392853594,0.6177891638334634,7.609209857358536,2.0,0.6786665654564918
'pedestrian116',25,true,false,false,true,0.5452466620027957,0.01510300268220677,0.16125580033730214,3.2352721476315116,2.0,0.5993536524245044
'pedestrian117',22,true,false,false,false,0.24942204720304417,0.1066692953199877,0.04966534029733194,12.1562292200535,2.0,0.2835997655290681
'pedestrian118',44,true,false,false,true,0.3245613621965281,0.7006761294672814,0.38856860666364024,6.093022997649089,2.0,0.6048090262162948
'pedestrian119',50,false,false,false,false,0.7592847405873396,0.288544897840866,0.414218545169439,11.083311472387683,2.0,0.7101175474128227
'pedestrian120',35,true,false,false,true,0.6051149786057676,0.20699119300068358,0.750298310769188,12.99303510880728,2.0,0.4678686942391735
'pedestrian121',55,false,true,true,false,0.5714159766832562,0.4270351080200918,0.4364295522560553,18.59648103296642,2.0,0.5799319614981999
'pedestrian122',35,true,false,false,true,0.9089479373721276,0.5720112096835995,0.7516039583802246,4.9362775805168235,2.0,0.5364615234002044
'pedestrian123',56,false,false,false,false,0.16322191129688135,0.5720531146732938,0.9618505742551966,13.474466445518374,2.0,0.3618018757546271
'pedestrian124',63,true,false,false,true,0.02387947110582389,0.7137938294513338,0.2000185454979172,8.966719821024432,2.0,0.6541282646107573
'pedestrian125',50,false,false,false,false,0.2377596516679812,0.8427661202446132,0.24619160062074097,3.732289598861689,2.0,0.7002402277637765
'pedestrian126',63,true,false,false,false,0.05163168667440443,0.8688109400325171,0.10975105647466732,12.888316966780609,2.0,0.6220675404869176
'pedestrian127',17,true,false,false,false,0.10947508589519106,0.5956193424767331,0.32760761417366,11.529158420056609,2.0,0.35292630359848964
'pedestrian128',104,true,false,false,true,0.46464408952084413,0.6453869499636661,0.5141066758638796,2.296280988614756,2.0,0.5509309668258587
'pedestrian129',96,false,false,false,false,0.40948771960389807,0.3958704248665281,0.03023416854276095,8.173215890587874,2.0,0.49345888713973246
'pedestrian130',35,true,false,true,true,0.41728574445455413,0.8066825362517684,0.8732339446866192,7.421051274623343,2.0,0.510461597067116
'pedestrian131',16,true,false,false,true,0.39790477360013277,0.03224168472467093,0.946023580194352,9.568574132430005,2.0,0.5360081874795313
'pedestrian132',82,false,false,false,false,0.5994896714023722,0.9566481744204791,0.3581564175039613,18.755192141685498,2.0,0.5117392577541596
'pedestrian133',36,false,false,false,true,0.41629194823205184,0.33400703134567866,0.00306353746132371,4.94163091415293,2.0,0.2366886766165468
'pedestrian134',65,false,false,false,true,0.7771808052400018,0.8132007824830955,0.01016250380282158,14.822959697963556,2.0,0.7705149213027118
'pedestrian135',27,false,false,true,true,0.3891991044605114,0.733966918892741,0.7706262275645734,7.0379984998307465,2.0,0.6772538164096892
'pedestrian136',95,false,false,false,true,0.9126950455453462,0.7087693074730741,0.37182962512330653,10.031326836022966,2.0,0.4353747829370647
'pedestrian137',40,true,false,false,false,0.858435887726267,0.12495353134882659,0.6419722014736718,4.933550326799658,2.0,0.7929166891086383
'pedestrian138',18,false,false,false,false,0.01660583046851383,0.07035824295802762,0.9903894336822792,13.23491353398837,2.0,0.6352335240677436
'pedestrian139',25,false,false,false,false,0.2476630043414092,0.4374892902703055,0.3383121362108461,9.093486724369978,2.0,0.38308216674073414
'pedestrian140',36,true,false,false,false,0.02055922196974336,0.5310781939812567,0.8367499199367091,17.349902663927324,2.0,0.2995153188966004
'pedestrian141',40,false,false,false,false,0.30107767966222376,0.16181080729832797,0.04881585989201054,10.199491433768957,2.0,0.5486513721411105
'pedestrian142',30,false,false,false,false,0.14839673777311124,0.11459657579031435,0.2668672612687958,13.855034320572035,2.0,0.2975040942002376
'pedestrian143',66,false,false,false,true,0.4539637826966857,0.01734881504805441,0.531818318678942,19.366645267278713,2.0,0.5980010221312444
'pedestrian144',108,false,false,false,false,0.12996273573850337,0.6711904809796984,0.7330488695011128,6.650611691058723,2.0,0.472310760316885
'pedestrian145',66,true,false,false,true,0.3964483857915051,0.6147606625983809,0.19040089783337255,8.11233513524339,2.0,0.6704519435785701
'pedestrian146',28,false,false,false,true,0.9882715422483418,0.7755452435380795,0.4299831739110732,12.41850536561492,2.0,0.7818211364079137
'pedestrian147',11,true,false,false,true,0.14481845355141787,0.857701623231748,0.9841628881992346,14.039009148658623,2.0,0.34906323765818514
'pedestrian148',10,true,false,true,true,0.5615946360265236,0.49855218997757855,0.7571919207630946,11.382994327348408,2.0,0.2601917277541208
'pedestrian149',32,false,false,false,false,0.29646868697634865,0.2133894156631554,0.4978017712751752,4.379428032827324,2.0,0.6845876254732444
'pedestrian150',26,true,false,false,false,0.7932585879477333,0.7751830372314139,0.28825477521253284,5.710038355916886,2.0,0.5268369889572136
'pedestrian151',52,true,false,false,false,0.6751855775688738,0.2704665688705137,0.8259953739539831,0.8182245691252077,2.0,0.7556646720814402
'pedestrian152',65,true,false,false,false,0.4085909613650991,0.2620400144351329,0.4635751842007868,8.241640106925033,2.0,0.5531129107463455
'pedestrian153',96,true,false,false,false,0.9141727023909805,0.6580651942832554,0.6329386709557373,14.22018774889363,2.0,0.7522417586490053
'pedestrian154',29,true,false,false,true,0.2890400816033595,0.8386507842133278,0.7402851504996427,3.491855785455751,2.0,0.3064246953697317
'pedestrian155',77,true,false,false,false,0.8416939362973906,0.2838213405781411,0.3818068004995222,3.0275189060436336,2.0,0.49616768004586836
'pedestrian156',42,true,false,true,true,0.00124801916241846,0.758969555315987,0.1433231118189564,5.074794673101288,2.0,0.6706562662209247
'pedestrian157',82,false,false,false,true,0.9735453437328087,0.2714596785123041,0.41480865859158467,4.810915579459188,2.0,0.49541535544368953
'pedestrian158',81,true,false,false,true,0.38605179948846635,0.0403845376184796,0.05906059901297001,10.49708887632423,2.0,0.5904821894170542
'pedestrian159',75,true,false,false,true,0.6651849537754391,0.9209057024452847,0.48216609980250014,19.250451357822264,2.0,0.2297714328493126
'pedestrian160',46,false,false,false,true,0.45841762671514075,0.27102027689569375,0.37752631264314496,3.578638166092294,2.0,0.4976052466652957
'pedestrian161',24,false,false,false,true,0.14910409871966135,0.18767316186380323,0.721842814128172,1.7298114251066554,2.0,0.749333087251898
'pedestrian162',102,true,false,false,false,0.9476974968769198,0.3637767972391057,0.7311503187637829,10.788510760315745,2.0,0.7959537370014875
'pedestrian163',71,false,false,false,true,0.06561917005235751,0.12939647511079533,0.4727934427684448,15.085480341498567,2.0,0.572889321687547
'pedestrian164',59,false,false,false,true,0.5191387183317488,0.645370976414282,0.22316347879842935,1.3900854072916058,2.0,0.4347269891049499
'pedestrian165',92,false,false,false,true,0.6417737847335946,0.5240776900453958,0.8290994854714339,5.2237268376719985,2.0,0.3147701885421036
'pedestrian166',79,true,false,false,true,0.6576524790935778,0.7447224286971424,0.8027103141098304,7.933682613479361,2.0,0.30249590070237065
'pedestrian167',85,true,false,false,false,0.00706539525876904,0.3362971721455005,0.8408642606870977,7.519511475700051,2.0,0.6815701558095171
'pedestrian168',41,false,false,false,false,0.9099635218351476,0.261626371340817,0.32073560421768976,12.081887483002067,2.0,0.6831981783747263
'pedestrian169',81,false,false,false,true,0.48513743489949557,0.42499836948440906,0.3766122458438579,10.75837620342563,2.0,0.2817272366964753
'pedestrian170',87,true,false,false,true,0.5054987355029799,0.08406086402350554,0.5449089016744327,1.2227088445460166,2.0,0.21632470247614163
'pedestrian171',75,false,false,false,true,0.5262525766738727,0.7939086497399691,0.4744750984003696,8.314101997083554,2.0,0.36154144372139874
'pedestrian172',77,true,false,false,false,0.7763734160194757,0.3832611058994111,0.1676337658390863,19.59211464209241,2.0,0.7933212420910227
'pedestrian173',32,true,false,false,false,0.35879902734098323,0.9809858685040648,0.8742513246697765,11.47804998167401,2.0,0.27102039242851333
'pedestrian174',27,false,false,false,true,0.00658113246844749,0.5014329129825216,0.5515024705990272,19.815109272022685,2.0,0.715793543785352
'pedestrian175',42,false,false,false,true,0.4058034797407467,0.9192935928824231,0.2552881370828477,12.050116115432246,2.0,0.636046930285437
'pedestrian176',28,true,false,false,false,0.7653452693533344,0.3725091885980327,0.38608522866393535,1.402540845002893,2.0,0.3567291918646155
'pedestrian177',12,false,false,false,false,0.8726666712508716,0.9276626865154701,0.09842114896598742,16.22475966618276,2.0,0.7718741695275704
'pedestrian178',102,true,false,false,true,0.13403898922365454,0.3320762274900263,0.22035514549146684,5.211810202642275,2.0,0.5893196446939
'pedestrian179',14,false,false,false,true,0.5524832131167701,0.3240494746283413,0.9159401115677988,17.86549160143814,2.0,0.6765662913566453
'pedestrian180',50,false,false,false,false,0.17924426953627104,0.8414754861416848,0.47379441148138635,4.88379891564346,2.0,0.5256588840672645
'pedestrian181',56,true,false,false,true,0.6376235936748852,0.24681170453569434,0.512870839848444,0.8001322331170191,2.0,0.59515418180046
'pedestrian182',110,true,false,false,true,0.40807327384377334,0.5857766019657893,0.6100550159530505,3.4703740989707232,2.0,0.21950309306850413
'pedestrian183',43,true,false,false,false,0.4647134048755135,0.6044168013264469,0.42898612069124853,7.899662618657121,2.0,0.6696901621804974
'pedestrian184',79,false,false,false,false,0.02619134740632389,0.9056701154062087,0.2470556870731856,8.917882345899258,2.0,0.5986624395194634
'pedestrian185',22,false,false,false,true,0.04665134314649622,0.7615514846363992,0.3524282862145255,3.9663711511641386,2.0,0.28692714990400375
'pedestrian186',54,true,false,false,false,0.9899487385994918,0.7238823468078255,0.21460790209971148,7.464503812672117,2.0,0.7340581564763402
'pedestrian187',89,true,false,false,false,0.02582459282515492,0.3495175356244058,0.1422591508790677,9.313435410479602,2.0,0.37692042581090035
'pedestrian188',29,true,false,false,false,0.07915570285429074,0.9862655615427667,0.41148180898918574,0.01567541723216159,2.0,0.3885653898350554
'pedestrian189',38,false,false,false,true,0.27300996755181484,0.8811908372202024,0.7666679103779299,19.092352998219045,2.0,0.5137871866658765
'pedestrian190',18,true,false,false,false,0.4967398168911632,0.8887959805278561,0.4296371583764115,0.885056743092012,2.0,0.7743616118416192
'pedestrian191',13,false,false,false,false,0.09408004023959404,0.5831410586810749,0.11524839860353087,6.002158063245766,2.0,0.6081462154036374
'pedestrian192',72,false,false,false,true,0.9173474609546894,0.4324882281681518,0.8832933681588957,7.005135796497166,2.0,0.7087613686007954
'pedestrian193',103,true,false,false,false,0.8123513437599418,0.35289805507105,0.7264178996329012,6.896106054211266,2.0,0.5580991719833177
'pedestrian194',25,false,false,false,false,0.5433671591700692,0.2005066248515649,0.6686675937154976,7.506345340848464,2.0,0.3245731661751905
'pedestrian195',96,false,false,false,false,0.3264326724657658,0.6926118355180283,0.6644997691957546,19.645475317026854,2.0,0.3593589115862692
'pedestrian196',98,false,false,false,false,0.43755804508454,0.22510805924531607,0.7965681255247047,1.4340386213767875,2.0,0.6578380411568223
'pedestrian197',88,true,false,false,true,0.5734568057077725,0.4218804997390182,0.559898811142726,7.583893183988515,2.0,0.3477764609155499
'pedestrian198',88,false,false,false,true,0.5014212818539091,0.0893351505218074,0.12892113037738573,5.033742516743058,2.0,0.34173293227632007
'pedestrian199',12,true,false,false,true,0.2307471284192978,0.33715461243303324,0.3975123752848285,15.936552346432943,2.0,0.7375683731577158
'pedestrian0',76,true,false,false,false,0.8184168266501985,0.2918570019601414,0.8254071420896689,9.594433467173328,2.0,0.7328588283931603
'pedestrian1',61,false,false,false,false,0.6161143394576566,0.1805047422888475,0.2350348188250967,16.882628168906667,2.0,0.5243380933072617
'pedestrian2',88,true,false,false,false,0.6570666934011543,0.15379077937548125,0.07664329478842147,12.188694747210636,2.0,0.3205940490708048
'pedestrian3',106,false,true,true,false,0.30791672491855926,0.6414141991597286,0.7156495198651399,6.964478096602034,2.0,0.7548038309197642
'pedestrian4',28,true,false,false,false,0.5616887012256075,0.38240623549469166,0.906404385899125,18.104413128495743,2.0,0.3280441009615245
'pedestrian5',82,false,false,false,true,0.7086632059869292,0.5299829326979013,0.08625079017408299,4.137486576201022,2.0,0.3198004017298203
'pedestrian6',48,true,false,false,false,0.7197384877367927,0.6494918369627268,0.20689989777002016,13.935118648467755,2.0,0.6422567309898727
'pedestrian7',34,false,false,false,false,0.492498250547063,0.01449188514802857,0.2947388270847545,9.583425800014616,2.0,0.343693326799247
'pedestrian8',57,true,false,false,false,0.4570474701434132,0.08275982342740551,0.7628369560314514,6.6018103816634355,2.0,0.38820889587359775
'pedestrian9',70,true,false,false,true,0.39288063648464133,0.6428621328151808,0.9543428827546349,17.053127416580658,2.0,0.46505254974846466
'pedestrian10',25,false,false,false,false,0.8350559392993666,0.17347339261275851,0.6183123256906681,2.7606503448792807,2.0,0.44671926282922825
'pedestrian11',101,false,false,false,true,0.49124339543350537,0.14948375195956376,0.7242991820613043,16.041581814698773,2.0,0.6698726247791242
'pedestrian12',97,false,false,false,false,0.17327233228464378,0.47444331041231924,0.9682026838790511,15.87038048628971,2.0,0.2542754578473681
'pedestrian13',46,true,false,false,false,0.8403456156796141,0.28767095733113823,0.4666193446274375,3.8026801447040004,2.0,0.565744300248093
'pedestrian14',65,true,false,false,true,0.6587317747949669,0.26259573844201156,0.17911496722720088,9.521099120216359,2.0,0.2954661173340243
'pedestrian15',52,true,false,false,false,0.576321040423779,0.6477491900281536,0.6144377394099716,7.212974037961947,2.0,0.5769459605494076
'pedestrian16',42,true,false,false,true,0.7681274429860756,0.12129959545439795,0.9848538294882574,17.254891978794465,2.0,0.7121098058696012
'pedestrian17',51,false,false,false,true,0.5317257937425142,0.17313750436612363,0.306180357333771,4.413381354710262,2.0,0.6204436964523501
'pedestrian18',11,false,false,false,true,0.9406066509008931,0.20273769977265632,0.860317930997379,12.499539102987686,2.0,0.42072715600474975
'pedestrian19',30,true,false,false,false,0.7661684770127728,0.921247048523705,0.6063533967351831,19.37969485690214,2.0,0.6340581914237189
'pedestrian20',91,true,false,false,true,0.2123875202439076,0.5862798910260357,0.2724551473859622,0.7542880256633899,2.0,0.7291876851453489
'pedestrian21',77,true,false,false,false,0.01793577208439812,0.5326574583795084,0.18915017969728487,19.773030627761454,2.0,0.34777140038642385
'pedestrian22',32,true,false,false,false,0.3675127652338068,0.08037074215280837,0.8336411475484029,10.073329364478292,2.0,0.38681624878984405
'pedestrian23',80,false,false,false,true,0.5596916516845799,0.5175466499794484,0.6469940727898733,2.5858119566055326,2.0,0.3621598245929438
'pedestrian24',70,true,false,false,true,0.9729073441047132,0.6682870850089652,0.04153225440365338,11.047425239542566,2.0,0.4787537471564294
'pedestrian25',83,false,false,false,false,0.2985561181220694,0.6842011041769952,0.2822946655573658,10.521208961575663,2.0,0.696029724234216
'pedestrian26',65,false,false,false,false,0.7411604229050949,0.38395210986797723,0.15289419187977138,14.418044494050722,2.0,0.7511368438589463
'pedestrian27',49,false,false,false,false,0.39906967496433643,0.7669694082653079,0.6865211364754398,2.322816674604744,2.0,0.35615879846649257
'pedestrian28',22,false,false,false,true,0.9969722856612999,0.31854875375899183,0.7110144464160523,17.86697628204777,2.0,0.5827783622265692
'pedestrian29',96,true,false,false,false,0.9312378469124322,0.28666238666930066,0.4974546773223535,2.456715961032221,2.0,0.32793503340997165
'pedestrian30',80,true,false,false,false,0.9490617617424032,0.525318943649932,0.8767004140502156,4.969528399643945,2.0,0.5371247972672942
'pedestrian31',105,false,false,false,false,0.8410992555331473,0.8026648117385139,0.2645509051058953,17.109948688998053,2.0,0.722436289896915
'pedestrian32',13,false,false,false,false,0.6479746057788798,0.03333858173816551,0.9980700084042079,11.868972093033571,2.0,0.3314463636029845
'pedestrian33',46,false,false,false,true,0.9644340293453413,0.8308559751560923,0.42981310305816023,10.848825488014453,2.0,0.4505062147111079
'pedestrian34',61,false,false,false,true,0.3671520468530072,0.5512926040262633,0.7600205465503124,11.378251699111402,2.0,0.3720243965777711
'pedestrian35',52,true,false,false,true,0.8013517377439903,0.02700046608748163,0.5042133660346046,18.85333344625673,2.0,0.5796750520707088
'pedestrian36',76,false,false,false,false,0.9462475697822003,0.5566960387052512,0.08022581192822054,9.855853503105722,2.0,0.327599128353664
'pedestrian37',67,true,false,false,false,0.5553851010234943,0.562528702534892,0.05617769707128184,5.372051779351866,2.0,0.2727281851464149
'pedestrian38',47,false,false,false,true,0.5068008713613206,0.43763518917139654,0.8684934214702786,17.82792097544644,2.0,0.741700332267851
'pedestrian39',89,false,false,false,false,0.11131861301793122,0.07143409951075053,0.6002572169088979,18.101281070918645,2.0,0.6010482035770145
'pedestrian40',19,true,false,false,false,0.7028021438345308,0.34936354338326436,0.9564447280144582,3.2663176489627532,2.0,0.44318416503190716
'pedestrian41',50,false,false,false,false,0.8241165875904461,0.33306539096426535,0.294085610000962,8.758242122074229,2.0,0.5271577109401142
'pedestrian42',86,false,false,false,false,0.11792686591859991,0.4919444744826412,0.41821706385519564,13.33552916248664,2.0,0.554242090717898
'pedestrian43',109,false,false,false,true,0.5432568076763721,0.7177443906091753,0.7682647125735761,2.0058265022099686,2.0,0.3648569614202611
'pedestrian44',81,true,false,false,false,0.38424903218871365,0.6183445242995507,0.3763399274661774,7.725556931511674,2.0,0.7472738563461647
'pedestrian45',106,true,false,false,false,0.4957947300164347,0.14439075167369297,0.48338527567807776,11.114749707281062,2.0,0.456146530196345
'pedestrian46',100,true,false,false,false,0.30230924184723296,0.4169578839461825,0.9240860421707245,3.8634913046444774,2.0,0.6467822253638342
'pedestrian47',101,true,false,false,false,0.9104622723862387,0.9104951004580358,0.3942633157839932,3.327184741825695,2.0,0.70142812082767
'pedestrian48',106,true,false,false,false,0.4837637996860118,0.3130051206842007,0.8972865777703882,5.225500676885096,2.0,0.7823259824824236
'pedestrian49',71,false,false,false,true,0.9798685144943797,0.9364665280535039,0.3366106553868332,11.55285411374808,2.0,0.3326565136698415
'pedestrian50',104,true,false,false,false,0.6707834568082393,0.5148614583238305,0.8933507073592017,8.823288377112029,2.0,0.6167029904873784
'pedestrian51',40,false,false,false,true,0.06612644735633555,0.6240936153896052,0.14082186068542024,16.4481442773106,2.0,0.45911306372229516
'pedestrian52',77,false,false,false,true,0.7747354833770674,0.16972108990307044,0.32991980751361993,3.7813912389573123,2.0,0.5165737672050463
'pedestrian53',62,true,false,false,true,0.7721658395260667,0.5001222052664124,0.5090832984299337,11.968872081799756,2.0,0.400988277443347
'pedestrian54',72,false,false,false,false,0.3945828509843421,0.3564415207743853,0.36171669248225713,17.021189046009006,2.0,0.2081512410892233
'pedestrian55',16,true,false,false,true,0.9855465740998913,0.5213463107105358,0.718049537208781,14.197108549075496,2.0,0.7270062866781413
'pedestrian56',17,false,false,false,false,0.5222587600451519,0.42559420167664175,0.06811734516181256,13.645289300372749,2.0,0.2883630354117539
'pedestrian57',43,true,false,false,false,0.5359728078537483,0.00453287102612954,0.6162974005341304,9.72726363480418,2.0,0.6426455476032107
'pedestrian58',46,false,false,false,false,0.19356418217237725,0.0604478520638938,0.5288037144805346,0.02655534522540304,2.0,0.5484219798774638
'pedestrian59',71,true,false,false,true,0.17265149709715477,0.7595783650514906,0.2881860816299814,3.8475037226010667,2.0,0.2061627146635522
'pedestrian60',72,false,false,false,true,0.8007896035962431,0.4446395154643913,0.5257045836617611,9.874652510638606,2.0,0.5210186131567087
'pedestrian61',34,true,false,false,false,0.8938872489048253,0.9634222391767047,0.4610118609439786,6.017409155236209,2.0,0.514678035825899
'pedestrian62',90,false,false,false,false,0.7689008249381378,0.00117217944379833,0.8864292652222134,0.20383902858456482,2.0,0.5308084953291907
'pedestrian63',49,true,false,false,false,0.08584505841312862,0.9609955506500906,0.5826333366240903,6.827441284019724,2.0,0.39185414408642705
'pedestrian64',77,true,false,false,false,0.5847208841337553,0.26928973658410427,0.48703996484189693,13.66168821928682,2.0,0.4376388195308734
'pedestrian65',23,true,false,false,true,0.7978375943454648,0.08368076433415239,0.745730027802094,14.516150731352573,2.0,0.5895519740030342
'pedestrian66',10,true,false,false,false,0.5316438725007742,0.2618710474394048,0.16627616480883567,7.539556359820354,2.0,0.23011814797493033
'pedestrian67',68,false,false,false,false,0.00165418569124975,0.04184869423648707,0.38879695694113003,19.938855403004112,2.0,0.6139490584304601
'pedestrian68',66,true,false,false,false,0.5219557651354234,0.00712523312535451,0.8534436668675478,17.774487351227492,2.0,0.484334772009936
'pedestrian69',109,false,false,false,true,0.15958720041106444,0.8902445304988293,0.16660598864298914,18.05638886178172,2.0,0.4112762287620515
'pedestrian70',102,true,false,false,false,0.5274299441065237,0.7809486656997079,0.7054603853144299,1.9172496860747312,2.0,0.6285734688688952
'pedestrian71',44,true,false,false,true,0.4310747001861013,0.7707926327687976,0.12323936527782753,0.899450567499902,2.0,0.49918773417850626
'pedestrian72',96,true,false,false,false,0.9051624997295245,0.1607641420943393,0.18109251675513627,19.804331463837958,2.0,0.443609492446237
'pedestrian73',30,false,false,false,false,0.7584296900095443,0.5824331054522315,0.5774826717639843,19.564089996690377,2.0,0.35540459529249324
'pedestrian74',72,false,false,false,false,0.02217539068874619,0.8097036918582418,0.6764324058749256,11.986390865241257,2.0,0.5411281421714985
'pedestrian75',65,true,false,false,false,0.6129138397971663,0.9522455019946776,0.32241763822032443,9.180999901929766,2.0,0.3717785925687067
'pedestrian76',13,true,false,false,true,0.3188659846534746,0.8447404693180538,0.7830170341114107,10.20302927156205,2.0,0.3212419579008568
'pedestrian77',78,true,false,true,true,0.7026943160755514,0.799978312381764,0.6494972497427479,9.443578895844396,2.0,0.21289060474666266
'pedestrian78',24,true,false,false,true,0.8117362147632189,0.8517359276872394,0.7407450003902128,8.447638325855632,2.0,0.38333099099332146
'pedestrian79',86,false,false,false,true,0.3992307231772675,0.7794221317042149,0.46709602510260684,7.702453783222887,2.0,0.5800363972752911
'pedestrian80',27,false,false,false,true,0.3643132824055235,0.6114583988037129,0.11166194863138945,2.743182534143016,2.0,0.462695758465177
'pedestrian81',75,false,false,false,false,0.7874788739678847,0.10269096032700686,0.27327318234916076,1.6661999425262763,2.0,0.6910232006350898
'pedestrian82',44,true,false,false,false,0.04920933373529479,0.9871174287030979,0.6570479424312676,14.904149140591638,2.0,0.49881059987911797
'pedestrian83',40,true,false,false,false,0.4447384276737578,0.8201145232808142,0.6666712542261696,19.40611669574091,2.0,0.7075384152124604
'pedestrian84',68,false,false,false,true,0.9674261482929595,0.7869662116159933,0.14147395409363717,8.59008939530037,2.0,0.525921801034714
'pedestrian85',82,true,false,false,false,0.9764575054906408,0.9977011024032655,0.6689175957975038,3.612028668796863,2.0,0.27047560574827895
'pedestrian86',42,false,false,false,true,0.9254805277824438,0.1331540794354894,0.29204262006037063,18.23174653274926,2.0,0.211183703391993
'pedestrian87',97,true,false,false,false,0.01045619345136173,0.8466676835862933,0.4104544891481834,17.13402475425855,2.0,0.7361860874322699
'pedestrian88',28,false,false,true,true,0.18600315306678616,0.20775424772794104,0.7254730904400942,12.678191458644982,2.0,0.38313229143271943
'pedestrian89',101,false,false,false,true,0.00960239009158759,0.4780159618825818,0.1521647209664142,13.09042129104916,2.0,0.4029943167743812
'pedestrian90',109,false,false,false,true,0.9090850198808086,0.2927931203428177,0.272965388472189,0.8131708977156493,2.0,0.7085895723579398
'pedestrian91',13,true,false,false,true,0.9570148979512139,0.06978299404408939,0.8190437240629626,7.255405805792634,2.0,0.30760906290230755
'pedestrian92',18,false,false,false,true,0.8525909037776589,0.4413940928860043,0.7282284283088515,7.5636316320149515,2.0,0.660545988412741
'pedestrian93',73,true,false,false,false,0.8222827269170475,0.942863128846219,0.13536473374812563,18.176345156286416,2.0,0.7372230763926026
'pedestrian94',86,true,false,false,false,0.4871158988734797,0.45986232361134005,0.3505635395896247,19.955157937071725,2.0,0.6950414173707369
'pedestrian95',47,true,false,false,false,0.788325450212965,0.14477078742727145,0.40442586331235575,7.190141420748759,2.0,0.26011303387553175
'pedestrian96',62,false,false,false,false,0.8884331064615969,0.19026072903405378,0.33873696319711655,15.68499371590862,2.0,0.6133695161490756
'pedestrian97',28,false,false,false,true,0.00970551748647552,0.9369452991638622,0.37426365327370004,16.725084785593594,2.0,0.7733933376486826
'pedestrian98',70,false,false,false,false,0.5469207392563545,0.42986949440741673,0.3675008299881831,15.326067560619174,2.0,0.5739352404442633
'pedestrian99',65,false,false,false,true,0.15272727314710333,0.1969009184464452,0.09017093111842533,10.50642402507946,2.0,0.647728676079576
'pedestrian100',32,true,false,false,true,0.19260401654157766,0.28383670194676747,0.30547981785837663,14.076077485280312,2.0,0.5017559187548304
'pedestrian101',103,false,false,false,true,0.19530235914171035,0.6208020231071394,0.7820773694740449,17.998896500020585,2.0,0.4095548493144341
'pedestrian102',54,true,false,false,true,0.09407171603128894,0.3972826302402753,0.6679458426712584,16.15727699750504,2.0,0.31031802550518695
'pedestrian103',28,false,false,false,false,0.599958214519265,0.7785139893069731,0.6422403288871001,9.705866923171413,2.0,0.7778436173320868
'pedestrian104',45,false,false,false,false,0.3106366366237828,0.21532242630227683,0.984974769504798,17.862898947636076,2.0,0.7737412447149088
'pedestrian105',62,false,false,false,false,0.7837269933462319,0.25293697361124634,0.4380488413772793,7.558692486769996,2.0,0.4950320742025251
'pedestrian106',98,false,false,false,false,0.6867350385658573,0.44119618095274804,0.2674582868049099,0.7779335209904525,2.0,0.4929528960680829
'pedestrian107',92,false,false,false,false,0.3321735051275534,0.7754901575076718,0.764892841262732,4.737219211418669,2.0,0.3014353451559776
'pedestrian108',110,false,false,false,true,0.7498481057533236,0.01938943104936097,0.46987327360037945,14.59632727232937,2.0,0.5359073618082084
'pedestrian109',73,true,false,false,false,0.02921109028829405,0.6790399738487094,0.30917876391174903,5.704138096402609,2.0,0.4737850865629958
'pedestrian110',40,false,false,false,true,0.7354320162654444,0.5748701718656033,0.21073435325005474,11.016900401936653,2.0,0.7100576641592831
'pedestrian111',69,true,false,false,true,0.37389890089755873,0.7698192530978966,0.7024435847172802,2.4140167143531555,2.0,0.21193106009813822
'pedestrian112',101,true,false,false,false,0.16075097378968228,0.965579777690104,0.6418588307746749,0.12868186502486445,2.0,0.6815687145487062
'pedestrian113',38,true,false,false,false,0.01482432948740064,0.6403063275349203,0.6191844542395145,12.263919560691594,2.0,0.772780280216472
'pedestrian114',41,false,false,false,true,0.7028606439406537,0.4610242596079679,0.5083993386306894,15.775863987367169,2.0,0.7375578333003081
'pedestrian115',33,true,false,false,false,0.3283237299205284,0.26104081601032325,0.03396555439295434,15.938203529733839,2.0,0.4009205626965313
'pedestrian116',40,false,false,false,true,0.42724213228918195,0.9484849198490778,0.6346542848209632,14.065296715220327,2.0,0.405256904404074
'pedestrian117',25,true,false,false,true,0.7134199669927864,0.22439441021697593,0.9653505766238634,12.559159389281351,2.0,0.6883039837826533
'pedestrian118',107,false,false,false,false,0.5043066847939293,0.5168332454973175,0.3156284081672587,14.031968852917963,2.0,0.6308769082199036
'pedestrian119',101,true,false,false,false,0.04748440683974609,0.5447826774881736,0.8561847270537333,7.36035374915051,2.0,0.30539528188832266
'pedestrian120',45,false,false,false,true,0.9899865436264218,0.6714178923955948,0.7299938560818156,1.5548246947072064,2.0,0.7433550910871383
'pedestrian121',101,true,false,false,true,0.787229182861936,0.07321428360901516,0.22911367630920243,15.64954339304214,2.0,0.5641274727024044
'pedestrian122',59,false,false,false,false,0.8420889395049234,0.7913809164429746,0.9184748225034741,2.586099845349976,2.0,0.38739762910096065
'pedestrian123',71,true,false,false,true,0.1631228689542411,0.03725610884494257,0.25777091286073806,11.728628507359417,2.0,0.4465722025533418
'pedestrian124',25,true,false,false,true,0.5946019979574001,0.02584383897520803,0.08450509688662433,17.616181648598822,2.0,0.4002834765016874
'pedestrian125',45,true,false,false,true,0.7314568987026521,0.859507150467107,0.8148145448179289,12.850957082500328,2.0,0.45364308272556464
'pedestrian126',45,true,false,false,false,0.3554773114981399,0.8291484512329168,0.1477260069333547,17.939664532230978,2.0,0.339202863669534
'pedestrian127',35,false,false,false,true,0.8787473746500061,0.10081901583635788,0.2627625122698254,14.410427089162528,2.0,0.5335850631857009
'pedestrian128',31,false,false,false,true,0.9101066786690186,0.38784741581207227,0.3907043571714427,7.603708329704302,2.0,0.640314121803778
'pedestrian129',59,false,false,false,true,0.16833029091684704,0.2923616409633696,0.9993043008086133,17.6926786927662,2.0,0.7064750696681426
'pedestrian130',90,true,false,false,false,0.21475406003184816,0.00043135253591564,0.10717508533935471,19.44913308095657,2.0,0.6307070906535449
'pedestrian131',17,true,false,false,true,0.4791377098481734,0.1530779143395956,0.5456753261949813,7.9468585175059925,2.0,0.6313526030515832
'pedestrian132',82,false,false,false,true,0.4402887428347052,0.6906914632826889,0.3786637746253346,8.289774533418461,2.0,0.22986007015961976
'pedestrian133',12,true,false,false,false,0.7073522790272367,0.334244622554564,0.6942081192918044,16.118275132172762,2.0,0.7799907285015897
'pedestrian134',20,true,false,false,true,0.04012031409536221,0.3233846118362058,0.8332237758181114,10.427611255323978,2.0,0.4056225570523653
'pedestrian135',79,true,false,false,false,0.5418022744985937,0.7198760324809093,0.22373792514345459,11.014151685766194,2.0,0.6470361351792555
'pedestrian136',22,true,false,false,true,0.8125162729367095,0.7661895254084113,0.47791577605441804,17.45889182996002,2.0,0.5474395771130078
'pedestrian137',34,true,false,false,true,0.35136788089923165,0.7643878498183555,0.8099983164584432,16.128548562022072,2.0,0.546615136025282
'pedestrian138',19,false,false,false,false,0.5477558094931413,0.65498713370858,0.9732164158818731,1.304542622076592,2.0,0.42702934340620335
'pedestrian139',94,true,false,false,false,0.21950660013125478,0.2000415425222698,0.8287284327884579,11.78727562629418,2.0,0.6630499820105102
'pedestrian140',46,false,false,false,false,0.8977810988170262,0.5104890770560825,0.31927423907615426,5.512513288863065,2.0,0.7154594924235629
'pedestrian141',91,false,false,false,false,0.6760909682897903,0.8582295799178018,0.2745923422891011,18.495068700413686,2.0,0.2860782412989083
'pedestrian142',26,false,false,false,false,0.13624407386495396,0.7568470294614978,0.5118172979251905,12.965418894026657,2.0,0.21834252398329143
'pedestrian143',46,false,false,false,false,0.39173055578826144,0.5119169145161858,0.9501970789814332,2.879434923412385,2.0,0.628231815038372
'pedestrian144',62,true,false,false,false,0.05809445930539459,0.5110664117012981,0.7481242658893347,4.484791871878507,2.0,0.3130571012703853
'pedestrian145',32,true,false,false,false,0.24771575352778508,0.15832846138534462,0.3722466338692644,1.4295820362649203,2.0,0.4294305443402394
'pedestrian146',45,false,false,false,false,0.7866578725186113,0.804048927053338,0.10875305163967486,17.358806681761777,2.0,0.49751399811213215
'pedestrian147',12,false,false,false,true,0.49521431702566476,0.5422871325828849,0.38606035362462965,18.22455523736901,2.0,0.5832602131557123
'pedestrian148',18,false,false,false,true,0.34772899415792646,0.8942614669200938,0.3991417821386892,7.6367068661699715,2.0,0.7285459417806499
'pedestrian149',25,false,false,false,false,0.7729727213769904,0.3376336572127807,0.3239596755230507,2.7467227593095767,2.0,0.6104294242983309
'pedestrian150',93,true,false,false,false,0.7245512099997189,0.5038538003586566,0.05944864908647529,4.822090365288787,2.0,0.695242095964937
'pedestrian151',53,false,false,false,false,0.6859563617141415,0.8967922279644877,0.13328054798708233,11.310448401057622,2.0,0.5610566989175888
'pedestrian152',75,true,false,false,false,0.01433499686910267,0.8347060024590709,0.07830542750218639,10.134417833015078,2.0,0.6061867312787949
'pedestrian153',31,false,false,false,true,0.16831769058176282,0.06322694477966628,0.5972105247496552,0.9676817743686961,2.0,0.78684324759203
'pedestrian154',45,true,false,false,false,0.9029316336001172,0.8050802667185617,0.9884354090479314,12.674453682685051,2.0,0.4837532087800831
'pedestrian155',32,true,false,false,false,0.9329888956494605,0.1383924942070085,0.7879128173856567,0.7589832349300862,2.0,0.5340092804893483
'pedestrian156',22,false,false,false,false,0.31369414878945456,0.5140477192634828,0.7761657594084279,7.707601155207451,2.0,0.38868447654948923
'pedestrian157',94,true,false,false,false,0.8859283560200395,0.7590531990574623,0.9135227693449645,18.248560391811857,2.0,0.4639016511209143
'pedestrian158',89,true,false,false,false,0.4907281067783291,0.9698753304488499,0.8225662489826833,12.485629512478214,2.0,0.22225854013807256
'pedestrian159',59,true,false,false,false,0.9496931933161691,0.7310599852659179,0.40473407076235324,3.626136471302961,2.0,0.48902953999473714
'pedestrian160',47,true,false,false,true,0.4438880129851541,0.7524734214141731,0.6249511220516661,2.9571258749286033,2.0,0.43700174325725744
'pedestrian161',24,true,false,false,true,0.6174537676827336,0.01227312085628185,0.557946585142255,18.3916852593568,2.0,0.23939848765094754
'pedestrian162',82,true,false,false,true,0.3532131243634258,0.3239223568673615,0.1246768828606466,12.402970066512669,2.0,0.6412898791204562
'pedestrian163',81,false,false,false,false,0.11629968938926216,0.23854830486929268,0.674835355104612,2.456051003505957,2.0,0.46345082483626876
'pedestrian164',61,true,false,false,false,0.5800111327363213,0.04366678565185167,0.0060518780988017,17.158443871363477,2.0,0.4542186232801927
'pedestrian165',77,false,false,true,true,0.3459546096035214,0.7186892618003075,0.7886127892009077,8.255191328347522,2.0,0.4055774952023606
'pedestrian166',53,false,false,false,false,0.9729952096302263,0.22208723158421262,0.8997295977951282,11.472828875115793,2.0,0.6603618051799254
'pedestrian167',58,false,false,false,true,0.4936045524085495,0.11372516720338288,0.3967522481283394,7.497009734374673,2.0,0.5274933636621083
'pedestrian168',109,true,false,false,false,0.03274373547699105,0.9158884848992827,0.46749854300634575,15.980389595946313,2.0,0.5132051824477992
'pedestrian169',39,false,false,false,false,0.8588220719679183,0.704639783906849,0.4593999463438704,15.996221661799886,2.0,0.3828447463475031
'pedestrian170',52,true,false,false,true,0.6832033206619496,0.3192807908335985,0.3068039586194744,3.0754947686842615,2.0,0.4908992862551797
'pedestrian171',49,false,false,false,false,0.5641622716889112,0.6680757618475468,0.6029311676041833,4.610858143703862,2.0,0.3494851611132621
'pedestrian172',74,false,false,false,true,0.8556241448790237,0.1462021504416401,0.8292052881418482,8.80055727999743,2.0,0.6827619972621174
'pedestrian173',77,false,false,false,true,0.8262951324172823,0.29848204672195955,0.5207623745987641,9.44337320698611,2.0,0.6447204453162277
'pedestrian174',22,true,false,false,false,0.9275116742387578,0.16464547929361328,0.7550467591040552,6.445416215513696,2.0,0.30866110519950973
'pedestrian175',108,false,false,false,true,0.2683458716866245,0.9596350572497419,0.10542192645600235,10.838240384114446,2.0,0.4963937342529796
'pedestrian176',96,true,false,false,false,0.8002727781138217,0.40054159405837186,0.5855662723922272,4.220793069142537,2.0,0.691750236268075
'pedestrian177',104,false,false,false,false,0.34845722780641963,0.3571971309037818,0.17572403459079033,6.199335367054754,2.0,0.791164310042122
'pedestrian178',88,true,false,false,true,0.9019353748952343,0.3800411765412016,0.39633788411165083,10.764978736236605,2.0,0.7230302225030611
'pedestrian179',13,true,false,false,false,0.5283064594632177,0.4871463678273912,0.9168163402911528,2.3793617597776096,2.0,0.5457903657827594
'pedestrian180',76,true,false,false,false,0.4651306922652847,0.2562841288766403,0.34989367552623496,13.237287497442868,2.0,0.32348887715935665
'pedestrian181',86,false,false,false,false,0.54815974188972,0.8695552916854826,0.1342228194970586,10.958936063556859,2.0,0.2765407062055236
'pedestrian182',10,false,false,false,false,0.5299759381161386,0.8359216896041438,0.6859368178937709,4.601321287979843,2.0,0.3456007621121715
'pedestrian183',28,true,false,false,false,0.5313304914151856,0.8097889284583262,0.9675078487160558,14.903642591202386,2.0,0.5891445092050053
'pedestrian184',84,false,false,false,false,0.46475613023236495,0.6366105375616814,0.9990940645763461,11.664519219328904,2.0,0.6712558203276311
'pedestrian185',109,true,true,true,false,0.515602297727965,0.38001821499185273,0.7802906073838728,6.025444234515156,2.0,0.7053888450879071
'pedestrian186',91,false,false,false,false,0.5492106638002716,0.9969296243572691,0.03359602526757632,11.662695975702032,2.0,0.22154976254555886
'pedestrian187',12,false,false,false,true,0.5360504749114157,0.00033896370395481,0.22561437407981766,10.328623340371488,2.0,0.6740998919197151
'pedestrian188',108,false,false,false,false,0.2777797929621665,0.7228519152511514,0.6287652553349601,11.618350982293501,2.0,0.7803928902087172
'pedestrian189',35,true,false,false,true,0.20997092529398453,0.7763282646753757,0.26750851613323934,19.38935029360357,2.0,0.3416048211723586
'pedestrian190',74,false,false,false,false,0.36509663134142734,0.6449699565495332,0.9940235349584766,16.546913119002966,2.0,0.6749687020374624
'pedestrian191',72,false,false,false,false,0.42608039121490715,0.5510448602184704,0.807263912273461,10.816167181476878,2.0,0.6944070814670626
'pedestrian192',46,true,false,false,false,0.97443489491309,0.2743447231759185,0.7191057046743196,19.92861602855769,2.0,0.7411994388125978
'pedestrian193',17,true,false,false,false,0.00817351428562596,0.9420829449394972,0.3660457540727833,14.445728975521636,2.0,0.24322742942222128
'pedestrian194',58,false,false,false,false,0.9937831254503932,0.5140502708120194,0.2654871156394609,0.46049617019636946,2.0,0.3415702629501003
'pedestrian195',77,false,false,false,false,0.7132997537763828,0.29364632021455883,0.8750039531008649,13.62045026189807,2.0,0.674081284409447
'pedestrian196',77,true,false,false,false,0.5584807282089244,0.30290122241931494,0.01420451770486286,1.8353438183210091,2.0,0.7457948957613942
'pedestrian197',64,true,false,false,false,0.947332870665656,0.6723960517306773,0.3066856875155548,19.810335459125355,2.0,0.2227821056937398
'pedestrian198',71,true,false,false,false,0.814624505851689,0.25914711726273043,0.4830800512162168,3.3663879487977244,2.0,0.20937332308692713
'pedestrian199',31,false,false,false,false,0.46205876891882924,0.41901168279866674,0.614466924085756,1.56727443995486,2.0,0.5120542835914752
